GROUP,PACKAGE,CLASS,INSTRUCTION_MISSED,INSTRUCTION_COVERED,BRANCH_MISSED,BRANCH_COVERED,LINE_MISSED,LINE_COVERED,COMPLEXITY_MISSED,COMPLEXITY_COVERED,METHOD_MISSED,METHOD_COVERED
redditClone,com.example.redditClone.config,SwaggerConfiguration,0,37,0,0,0,14,0,3,0,3
redditClone,com.example.redditClone.config,Security,0,137,0,0,0,35,0,6,0,6
redditClone,com.example.redditClone.config,Constants,7,0,0,0,1,0,1,0,1,0
redditClone,com.example.redditClone.config,WebMvcConfig,0,51,0,0,0,7,0,2,0,2
redditClone,com.example.redditClone,RedditCloneApplication,5,7,0,0,2,3,1,2,1,2
redditClone,com.example.redditClone.security,JwtAuthenticationFilter,6,66,2,6,2,16,2,5,0,3
redditClone,com.example.redditClone.security,JwtTokenProvider,0,120,0,0,0,35,0,7,0,7
redditClone,com.example.redditClone.security,JwtAuthenticationEntryPoint,5,3,0,0,2,1,1,1,1,1
redditClone,com.example.redditClone.service,SubredditService,0,87,0,0,0,22,0,7,0,7
redditClone,com.example.redditClone.service,RefreshTokenService,0,41,0,0,0,10,0,5,0,5
redditClone,com.example.redditClone.service,VoteService,0,103,0,6,0,19,0,7,0,4
redditClone,com.example.redditClone.service,PostService,0,234,0,2,0,50,0,15,0,14
redditClone,com.example.redditClone.service,AuthService,5,256,3,1,0,56,2,13,0,13
redditClone,com.example.redditClone.service,MailBuilder,0,20,0,0,0,4,0,2,0,2
redditClone,com.example.redditClone.service,UserPrincipal,7,107,0,8,0,31,1,18,1,14
redditClone,com.example.redditClone.service,CommentService,0,165,0,0,0,34,0,10,0,10
redditClone,com.example.redditClone.service,CustomUserDetailsService,0,39,0,0,0,8,0,5,0,5
redditClone,com.example.redditClone.service,MailService,9,45,0,0,4,10,0,3,0,3
redditClone,com.example.redditClone.controller,VoteController,0,15,0,0,0,3,0,2,0,2
redditClone,com.example.redditClone.controller,SubredditController,0,26,0,0,0,5,0,4,0,4
redditClone,com.example.redditClone.controller,AuthController,0,96,0,4,0,14,0,8,0,6
redditClone,com.example.redditClone.controller,UserController,0,18,0,0,0,6,0,2,0,2
redditClone,com.example.redditClone.controller,PostController,0,47,0,0,0,7,0,6,0,6
redditClone,com.example.redditClone.controller,CommentController,0,31,0,0,0,7,0,4,0,4
redditClone,com.example.redditClone.models,Subreddit,0,70,0,0,0,10,0,15,0,15
redditClone,com.example.redditClone.models,User,0,74,0,0,0,15,0,16,0,16
redditClone,com.example.redditClone.models,NotificationEmail,0,79,0,8,0,13,0,14,0,10
redditClone,com.example.redditClone.models,Post.PostBuilder,0,81,0,0,0,1,0,11,0,11
redditClone,com.example.redditClone.models,Vote,0,50,0,0,0,8,0,11,0,11
redditClone,com.example.redditClone.models,RefreshToken,0,66,0,6,0,13,0,13,0,10
redditClone,com.example.redditClone.models,Comment.CommentBuilder,0,54,0,0,0,1,0,8,0,8
redditClone,com.example.redditClone.models,Role,11,12,0,0,2,5,3,3,3,3
redditClone,com.example.redditClone.models,AccountVerificationToken,0,58,0,0,0,12,0,11,0,11
redditClone,com.example.redditClone.models,Comment,0,90,0,6,0,16,0,18,0,15
redditClone,com.example.redditClone.models,VoteType,0,31,0,0,0,4,0,2,0,2
redditClone,com.example.redditClone.models,Vote.VoteBuilder,0,45,0,0,0,1,0,7,0,7
redditClone,com.example.redditClone.models,Post,0,108,0,0,0,19,0,20,0,20
redditClone,com.example.redditClone.models,RoleName,0,24,0,0,0,3,0,1,0,1
redditClone,com.example.redditClone.models,Subreddit.SubredditBuilder,0,63,0,0,0,1,0,9,0,9
redditClone,com.example.redditClone.exception,UserNotFoundException,0,4,0,0,0,2,0,1,0,1
redditClone,com.example.redditClone.exception,SubredditNotFoundException,0,4,0,0,0,2,0,1,0,1
redditClone,com.example.redditClone.exception,GlobalExceptionHandler,0,206,0,0,0,47,0,9,0,9
redditClone,com.example.redditClone.exception,RefreshException,0,4,0,0,0,2,0,1,0,1
redditClone,com.example.redditClone.exception,TimeStampErrorMessage,0,31,0,0,0,6,0,9,0,9
redditClone,com.example.redditClone.exception,ActivationException,0,4,0,0,0,2,0,1,0,1
redditClone,com.example.redditClone.exception,VoteException,0,4,0,0,0,2,0,1,0,1
redditClone,com.example.redditClone.exception,UsernameNotFoundException,0,4,0,0,0,2,0,1,0,1
redditClone,com.example.redditClone.exception,PostNotFoundException,0,4,0,0,0,2,0,1,0,1
redditClone,com.example.redditClone.dto,CommentResponse,0,60,0,0,0,9,0,13,0,13
redditClone,com.example.redditClone.dto,UserSummary,0,36,0,0,0,16,0,8,0,8
redditClone,com.example.redditClone.dto,AuthenticationResponse.AuthenticationResponseBuilder,0,45,0,0,0,1,0,7,0,7
redditClone,com.example.redditClone.dto,CommentRequest.CommentRequestBuilder,0,36,0,0,0,1,0,6,0,6
redditClone,com.example.redditClone.dto,RefreshTokenRequest.RefreshTokenRequestBuilder,0,27,0,0,0,1,0,5,0,5
redditClone,com.example.redditClone.dto,SubredditDTO,0,60,0,0,0,9,0,13,0,13
redditClone,com.example.redditClone.dto,SubredditDTO.SubredditDTOBuilder,0,54,0,0,0,1,0,8,0,8
redditClone,com.example.redditClone.dto,APIResponse,0,26,0,0,0,11,0,6,0,6
redditClone,com.example.redditClone.dto,CommentResponse.CommentResponseBuilder,0,54,0,0,0,1,0,8,0,8
redditClone,com.example.redditClone.dto,AuthenticationResponse,0,50,0,0,0,8,0,11,0,11
redditClone,com.example.redditClone.dto,PostRequest,0,60,0,0,0,9,0,13,0,13
redditClone,com.example.redditClone.dto,PostResponse,0,120,0,0,0,15,0,25,0,25
redditClone,com.example.redditClone.dto,RefreshTokenRequest,0,30,0,0,0,6,0,7,0,7
redditClone,com.example.redditClone.dto,RegistrationRequest,0,36,0,0,0,6,0,8,0,8
redditClone,com.example.redditClone.dto,CommentRequest,0,40,0,0,0,7,0,9,0,9
redditClone,com.example.redditClone.dto,LoginRequest,0,26,0,0,0,5,0,6,0,6
redditClone,com.example.redditClone.dto,PostResponse.PostResponseBuilder,0,108,0,0,0,1,0,14,0,14
redditClone,com.example.redditClone.dto,VoteDTO,0,26,0,0,0,5,0,6,0,6
redditClone,com.example.redditClone.dto,PostRequest.PostRequestBuilder,0,54,0,0,0,1,0,8,0,8
